port_consturction_tech;Ports;;;;;;;;x;;;;;;;;;;;;;
doctrine_tech;Doctrine;;;;;;;;x;;;;;;;;;;;;;
navy_area_tech;Navy;;;;;;;;x;;;;;;;;;;;;;
army_area_tech;Army;;;;;;;;x;;;;;;;;;;;;;
ballistics_tech;Ballistics;;;;;;;;x;;;;;;;;;;;;;
geopolitics_tech;Geopolitics;;;;;;;;x;;;;;;;;;;;;;
education_policy_tech;Education Policy;;;;;;;;x;;;;;;;;;;;;;
economic_theory_tech;Economic Theory;;;;;;;;x;;;;;;;;;;;;;
financial_institutions_tech;Financial Institutions;;;;;;;;x;;;;;;;;;;;;;
social_culture_tech;Social Culture;;;;;;;;x;;;;;;;;;;;;;
work_practices_tech;Work practices and processes;;;;;;;;x;;;;;;;;;;;;;
architecture_tech;Architecture;;;;;;;;x;;;;;;;;;;;;;
infrastructure_tech;Infrastructure;;;;;;;;x;;;;;;;;;;;;;
communication_tech;Communication;;;;;;;;x;;;;;;;;;;;;;
energy_efficiency_tech;Energy efficiency;;;;;;;;x;;;;;;;;;;;;;
healt_related_tech;Healt Related;;;;;;;;x;;;;;;;;;;;;;
machinery_tech;Machinery;;;;;;;;x;;;;;;;;;;;;;
electronics_tech;Electronics;;;;;;;;x;;;;;;;;;;;;;
construction_tech;Construction;;;;;;;;x;;;;;;;;;;;;;
petro_chemicals_tech;Petro chemicals;;;;;;;;x;;;;;;;;;;;;;
food_plants_tech;Food & Plants;;;;;;;;x;;;;;;;;;;;;;
mining_tech;Mining;;;;;;;;x;;;;;;;;;;;;;
animal_products_tech;Animal Products;;;;;;;;x;;;;;;;;;;;;;
energy_resources_tech;Energy Resources;;;;;;;;x;;;;;;;;;;;;;
new_materials_tech;New materials;;;;;;;;x;;;;;;;;;;;;;
imperialism;Imperialism;;;;;;;;x;;;;;;;;;;;;;
the_great_powers;Great Powers;;;;;;;;x;;;;;;;;;;;;;
eastern_question;The Eastern Question;;;;;;;;x;;;;;;;;;;;;;
league_of_nations;League of Nations;;;;;;;;x;;;;;;;;;;;;;
united_nations;United Nations;;;;;;;;x;;;;;;;;;;;;;
marshall_plan;marshall_plan;;;;;;;;x;;;;;;;;;;;;;
cold_war;Cold War;;;;;;;;x;;;;;;;;;;;;;
containment;Containment;;;;;;;;x;;;;;;;;;;;;;
liberation_wars;Liberation Wars;;;;;;;;x;;;;;;;;;;;;;
era_of_stagnation;Stagnation;;;;;;;;x;;;;;;;;;;;;;
detente;Detente;;;;;;;;x;;;;;;;;;;;;;
new_world_order;New World Order;;;;;;;;x;;;;;;;;;;;;;
globalization;Globalization;;;;;;;;x;;;;;;;;;;;;;
colour_revolution;Colour revolution;;;;;;;;x;;;;;;;;;;;;;
war_on_terror;War on Terror;;;;;;;;x;;;;;;;;;;;;;
neoprotectionism;Neoprotectionism;;;;;;;;x;;;;;;;;;;;;;
political_polarization;Political polarization;;;;;;;;x;;;;;;;;;;;;;
second_cold_war;Second Cold War;;;;;;;;x;;;;;;;;;;;;;
clash_of_civilizations;Clash of civilizations;;;;;;;;x;;;;;;;;;;;;;
global_governance;Global governance;;;;;;;;x;;;;;;;;;;;;;
religous_education;Religous education;;;;;;;;x;;;;;;;;;;;;;
preschool_education;preschool_education;;;;;;;;x;;;;;;;;;;;;;
compulsory_primary_education;compulsory_primary_education;;;;;;;;x;;;;;;;;;;;;;
theory_of_relativity;Theory of relativity;;;;;;;;x;;;;;;;;;;;;;
quantum_physics;Quantum physics;;;;;;;;x;;;;;;;;;;;;;
nuclear_fission;Nuclear fission;;;;;;;;x;;;;;;;;;;;;;
atom_bomb;Atom Bomb;;;;;;;;x;;;;;;;;;;;;;
tripartite_system;Tripartite system;;;;;;;;x;;;;;;;;;;;;;
programming_language;Programming language;;;;;;;;x;;;;;;;;;;;;;
big_science;big_science;;;;;;;;x;;;;;;;;;;;;;
comprehensive_school;Comprehensive school;;;;;;;;x;;;;;;;;;;;;;
compulsory_secondary_education;Compulsory secondary education;;;;;;;;x;;;;;;;;;;;;;
international_science;International science;;;;;;;;x;;;;;;;;;;;;;
distributed_computations;Distributed computations;;;;;;;;x;;;;;;;;;;;;;
e_learning;e-learning;;;;;;;;x;;;;;;;;;;;;;
blended_learning;Blended learning;;;;;;;;x;;;;;;;;;;;;;
quantum_science;quantum_science;;;;;;;;x;;;;;;;;;;;;;
brain_computer_interface;Brain-computer interface;;;;;;;;x;;;;;;;;;;;;;
brain_reading;Brain-reading;;;;;;;;x;;;;;;;;;;;;;
virtual_science;virtual_science;;;;;;;;x;;;;;;;;;;;;;
immersion;Immersion;;;;;;;;x;;;;;;;;;;;;;
classical_economics;Classical economics;;;;;;;;x;;;;;;;;;;;;;
marxian_economics;Marxian economics;;;;;;;;x;;;;;;;;;;;;;
neoclassical_economics;Neoclassical economics;;;;;;;;x;;;;;;;;;;;;;
mathematical_economics;Mathematical economics;;;;;;;;x;;;;;;;;;;;;;
keynesian_economics;Keynesian economics;;;;;;;;x;;;;;;;;;;;;; 
international_financial_institutions;International financial institutions;;;;;;;;x;;;;;;;;;;;;;
credit_rating_agency;Credit rating agency;;;;;;;;x;;;;;;;;;;;;;
new_institutional_economics;New institutional economics;;;;;;;;x;;;;;;;;;;;;;
new_keynesian;New Keynesian economics;;;;;;;;x;;;;;;;;;;;;;
basel_i;Basel I;;;;;;;;x;;;;;;;;;;;;;
new_synthesis;New Neoclassical synthesis;;;;;;;;x;;;;;;;;;;;;;
cross_listing;Cross listing;;;;;;;;x;;;;;;;;;;;;;
quantitative_easing;Quantitative easing;;;;;;;;x;;;;;;;;;;;;;
competitive_credit_rating;Competitive Credit Rating;;;;;;;;x;;;;;;;;;;;;;
basel_iii;Basel III;;;;;;;;x;;;;;;;;;;;;;
liquidity_trap_theory;Liquidity trap theory;;;;;;;;x;;;;;;;;;;;;;
quantitative_behavioural_finance;Quantitative behavioural finance;;;;;;;;x;;;;;;;;;;;;;
clearing_union;Competitive Clearing;;;;;;;;x;;;;;;;;;;;;;
financial_stability_board;Financial stability board;;;;;;;;x;;;;;;;;;;;;;
neofinancial_system;Neofinancial system;;;;;;;;x;;;;;;;;;;;;;
gold_specie;Gold specie standard;;;;;;;;x;;;;;;;;;;;;;
fiat_money;Fiat Money;;;;;;;;x;;;;;;;;;;;;;
gold_bullion;Gold bullion standard;;;;;;;;x;;;;;;;;;;;;;
sterling_area;Sterling area;;;;;;;;x;;;;;;;;;;;;;
bank_for_international_settlements;Bank for International Settlements;;;;;;;;x;;;;;;;;;;;;;
bretton_system;Bretton Woods System;;;;;;;;x;;;;;;;;;;;;;
imf;International Monetary Fund;;;;;;;;x;;;;;;;;;;;;;
world_bank;World Bank;;;;;;;;x;;;;;;;;;;;;;
gatt;General Agreement on Tariffs and Trade;;;;;;;;x;;;;;;;;;;;;;
dollar_standard;dollar_standard;;;;;;;;x;;;;;;;;;;;;;
washington_consensus;Washington Consensus;;;;;;;;x;;;;;;;;;;;;;
swift;SWIFT;;;;;;;;x;;;;;;;;;;;;;
flexible_exchange_rates;Flexible exchange rates;;;;;;;;x;;;;;;;;;;;;;
managed_exchange_rates;managed_exchange_rates;;;;;;;;x;;;;;;;;;;;;;
wto;World Trade Organization;;;;;;;;x;;;;;;;;;;;;;
new_bretton;Revived Bretton Woods system;;;;;;;;x;;;;;;;;;;;;;
cips;Cross-Border Interbank Payment System;;;;;;;;x;;;;;;;;;;;;;
delhi_declaration;Delhi Declaration;;;;;;;;x;;;;;;;;;;;;;
beijing_consensus;Beijing Consensus;;;;;;;;x;;;;;;;;;;;;;
end_of_money;End of Money;;;;;;;;x;;;;;;;;;;;;;
socialism;Socialism;187
imperialism;Imperialism;;;;;;;;x;;;;;;;;;;;;;
marxism;Marxism;;;;;;;;x;;;;;;;;;;;;;
nationalism;Nationalism;;;;;;;;x;;;;;;;;;;;;;
geneva_conventions;Geneva Conventions;;;;;;;;x;;;;;;;;;;;;;
fascism;Fascism;;;;;;;;x;;;;;;;;;;;;;
decolonization;Decolonization;;;;;;;;x;;;;;;;;;;;;;
east_vs_west;East vs West;;;;;;;;x;;;;;;;;;;;;;
wars_of_national_liberation;Wars of national liberation;;;;;;;;x;;;;;;;;;;;;;
youth_subcultures;Youth Subcultures;;;;;;;;x;;;;;;;;;;;;;
civil_rights;Civil rights;;;;;;;;x;;;;;;;;;;;;;
market_socialism;Market socialism;;;;;;;;x;;;;;;;;;;;;;
neoliberalism;Neoliberalism;;;;;;;;x;;;;;;;;;;;;;
feminism;Feminism;;;;;;;;x;;;;;;;;;;;;;
islamism;Islamism;;;;;;;;x;;;;;;;;;;;;;
social_networking;social_networking;;;;;;;;x;;;;;;;;;;;;;
norm_breaking;Norm-breaking;;;;;;;;x;;;;;;;;;;;;;
new_populism;new_populism;;;;;;;;x;;;;;;;;;;;;;
new_progressive;Progressive;;;;;;;;x;;;;;;;;;;;;;
anti_globalism;Anti Globalism;;;;;;;;x;;;;;;;;;;;;;
domestisation;Domestisation;;;;;;;;x;;;;;;;;;;;;;
division_of_labor;Division of labor;;;;;;;;x;;;;;;;;;;;;;
factory_system;Factory system;;;;;;;;x;;;;;;;;;;;;;
interchangeable_parts;Interchangeable parts;;;;;;;;x;;;;;;;;;;;;;
scientific_management;Scientific Management;;;;;;;;x;;;;;;;;;;;;;
standardization;Standardization;;;;;;;;x;;;;;;;;;;;;;
fordism;Fordism;;;;;;;;x;;;;;;;;;;;;;
rationalized_factory_layout;Rationalized factory layout;;;;;;;;x;;;;;;;;;;;;;
late_fordism;Late Fordism;;;;;;;;x;;;;;;;;;;;;;
continuous_production;Continuous production;;;;;;;;x;;;;;;;;;;;;;
toyotism;Toyota Production System;;;;;;;;x;;;;;;;;;;;;;
vanguard_method;Vanguard method;;;;;;;;x;;;;;;;;;;;;;
post_fordism;Post fordism;;;;;;;;x;;;;;;;;;;;;;;
lean_manufacturing;Lean manufacturing;;;;;;;;x;;;;;;;;;;;;;
offshore_software_development;Offshore software development;;;;;;;;x;;;;;;;;;;;;;
modern_workforce_management;Modern workforce management;;;;;;;;x;;;;;;;;;;;;;
open_office;Open office;;;;;;;;x;;;;;;;;;;;;;
robotization_industry;Robotization Industry;;;;;;;;x;;;;;;;;;;;;;
survillance_units;survillance_units;;;;;;;;x;;;;;;;;;;;;;
service_revolution;Service Revolution;;;;;;;;x;;;;;;;;;;;;;
deep_controll_center;Deep Controll Center;;;;;;;;x;;;;;;;;;;;;;
beaux_arts_architecture;Beaux-Arts architecture;;;;;;;;x;;;;;;;;;;;;;
suspension_bridge;Suspension bridge;;;;;;;;x;;;;;;;;;;;;;
art_nouveau;Art Nouveau;;;;;;;;x;;;;;;;;;;;;;
skyscraper;Skyscraper;;;;;;;;x;;;;;;;;;;;;;
expressionism;Expressionism;;;;;;;;x;;;;;;;;;;;;;
art_deco;Art Deco;;;;;;;;x;;;;;;;;;;;;;
postwar_modernism;Postwar modernism;;;;;;;;x;;;;;;;;;;;;;
modern_cable_stayed_bridge;modern cable-stayed bridge;;;;;;;;x;;;;;;;;;;;;;
international_style;International Style;;;;;;;;x;;;;;;;;;;;;;
modern_dam;Modern Dam;;;;;;;;x;;;;;;;;;;;;;;
postmodern_architecture;Postmodern architecture;;;;;;;;x;;;;;;;;;;;;;
neo_historism;Neo-Historism;;;;;;;;x;;;;;;;;;;;;;
hydraulic_engineering;Hydraulic engineering;;;;;;;;x;;;;;;;;;;;;;
high_tech_architecture;High-tech architecture;;;;;;;;x;;;;;;;;;;;;;;
contemporary_architecture;Contemporary architecture;;;;;;;;x;;;;;;;;;;;;;
new_urbanism;New Urbanism;;;;;;;;x;;;;;;;;;;;;;
sustainable_architecture;Sustainable architecture;;;;;;;;x;;;;;;;;;;;;;
eco_cities;Eco-cities;;;;;;;;x;;;;;;;;;;;;;
urban_renewal;Urban renewal;;;;;;;;x;;;;;;;;;;;;;
ai_city;AI City;;;;;;;;x;;;;;;;;;;;;;
macadam;Macadam;;;;;;;;x;;;;;;;;;;;;;
steel_rails;Steel Rails;;;;;;;;x;;;;;;;;;;;;;
steam_locomotive;Steam locomotive;;;;;;;;x;;;;;;;;;;;;;;
fire_tube_boiler;Fire-tube boiler;;;;;;;;x;;;;;;;;;;;;;;
trams;Trams;;;;;;;;x;;;;;;;;;;;;;
underground_rail;Underground rail;;;;;;;;x;;;;;;;;;;;;;
motorways;Motorways;;;;;;;;x;;;;;;;;;;;;;
early_highway;Early highway;;;;;;;;x;;;;;;;;;;;;;
diesel_locomotive;Diesel locomotive;;;;;;;;x;;;;;;;;;;;;;
interstate_highway_system;Interstate highway system;;;;;;;;x;;;;;;;;;;;;;
early_satellites;Early Satellites;;;;;;;;x;;;;;;;;;;;;;
early_high_speed_rail;Early high speed rail;;;;;;;;x;;;;;;;;;;;;;
communications_satellite;Communications satellite;;;;;;;;x;;;;;;;;;;;;;
rapid_transit;rapid transit;;;;;;;;x;;;;;;;;;;;;;
early_backbone;Early backbone;;;;;;;;x;;;;;;;;;;;;;
modern_backbone;Modern backbone;;;;;;;;x;;;;;;;;;;;;;
high_speed_rail;High speed rail;;;;;;;;x;;;;;;;;;;;;;
dynamic_infrastructure;dynamic_infrastructure;;;;;;;;x;;;;;;;;;;;;;
industrial_data_centers;Industrial Data Centers;;;;;;;;x;;;;;;;;;;;;;
future_backbone;Future Backbone;;;;;;;;x;;;;;;;;;;;;;
future_data_centers;Future Data Centers;;;;;;;;x;;;;;;;;;;;;;
telegraphy;Telegraphic improvements;;;;;;;;x;;;;;;;;;;;;;;
printing_telegraph;Printing telegraph;;;;;;;;x;;;;;;;;;;;;;;
baudot_code;Baudot code;;;;;;;;x;;;;;;;;;;;;;;
telegraph_cables;telegraph cables;;;;;;;;x;;;;;;;;;;;;;;
transatlantic_telegraph_cable;Transatlantic telegraph cable;;;;;;;;x;;;;;;;;;;;;;;
gutta_percha_cable;Gutta-percha Cable;;;;;;;;x;;;;;;;;;;;;;;
telephone;Telephone;;;;;;;;x;;;;;;;;;;;;;;
telegraph exchanges;Telegraph exchanges;;;;;;;;x;;;;;;;;;;;;;;
long distance calls;Long distance calls;;;;;;;;x;;;;;;;;;;;;;;
rotary dial;Rotary dial;;;;;;;;x;;;;;;;;;;;;;;
Telephone Line;Telephone Line;;;;;;;;x;;;;;;;;;;;;;;
radio;Radio;;;;;;;;x;;;;;;;;;;;;;;
hertzian_waves;Hertzian waves;;;;;;;;x;;;;;;;;;;;;;;
marconi;Marconi;;;;;;;;x;;;;;;;;;;;;;;
telefunken;Telefunken;;;;;;;;x;;;;;;;;;;;;;;
am_radio;AM radio;;;;;;;;x;;;;;;;;;;;;;;
teleprinters;Teleprinters;;;;;;;;x;;;;;;;;;;;;;;
printing_telegraph;Printing telegraph;;;;;;;;x;;;;;;;;;;;;;;
teletypewriter;Teletypewriter;;;;;;;;x;;;;;;;;;;;;;;
Telex;Telex;;;;;;;;x;;;;;;;;;;;;;;
radio_broadcasting;Audio broadcasting;;;;;;;;x;;;;;;;;;;;;;;
crystal_sets;Crystal sets;;;;;;;;x;;;;;;;;;;;;;;
vacuum_tubes;Vacuum tubes;;;;;;;;x;;;;;;;;;;;;;;
commercial_public_radio;Commercial public radio;;;;;;;;x;;;;;;;;;;;;;;
fm_radio;FM radio;;;;;;;;x;;;;;;;;;;;;;;
microwave_transmission;Microwave transmission;;;;;;;;x;;;;;;;;;;;;;;
microwave_radio_relay_network;Microwave radio relay network;;;;;;;;x;;;;;;;;;;;;;;
microwave_link;Microwave link;;;;;;;;x;;;;;;;;;;;;;;
tropospheric_scatter;Tropospheric scatter;;;;;;;;x;;;;;;;;;;;;;;
radar;Radar;;;;;;;;x;;;;;;;;;;;;;;
pulse_doppler_radar;Pulse-Doppler radar;;;;;;;;x;;;;;;;;;;;;;;
phased_array_radar;Phased-array radar;;;;;;;;x;;;;;;;;;;;;;;
synthetic_aperture_radar;Synthetic-aperture radar;;;;;;;;x;;;;;;;;;;;;;;
weather_radar;Weather radar;;;;;;;;x;;;;;;;;;;;;;;
mapping_radar;Mapping radar;;;;;;;;x;;;;;;;;;;;;;;
television_broadcasting;Television Broadcasting;;;;;;;;x;;;;;;;;;;;;;;
terrestrial_television;Terrestrial television;;;;;;;;x;;;;;;;;;;;;;;
cable_television;Cable television;;;;;;;;x;;;;;;;;;;;;;;
satellite_television;Satellite television;;;;;;;;x;;;;;;;;;;;;;;
mobile_phones_1g;mobile phones 1G;;;;;;;;x;;;;;;;;;;;;;;
analogue_cellular;Analogue cellular;;;;;;;;x;;;;;;;;;;;;;;
internet;Internet;;;;;;;;x;;;;;;;;;;;;;;
arpanet;ARPANET;;;;;;;;x;;;;;;;;;;;;;;
nsfnet;NSFNet;;;;;;;;x;;;;;;;;;;;;;;
email;eMail;;;;;;;;x;;;;;;;;;;;;;;
fiber_optics;Fiber optics;;;;;;;;x;;;;;;;;;;;;;;
optical_telephone_cables;Optical telephone cables;;;;;;;;x;;;;;;;;;;;;;;
optical_amplifier;Optical amplifier;;;;;;;;x;;;;;;;;;;;;;;
submarine_branching_units;Submarine branching units;;;;;;;;x;;;;;;;;;;;;;;
mobile_phones_2g;Mobile phones 2G;;;;;;;;x;;;;;;;;;;;;;;
digital_cellular;Digital cellular
internet_television;Internet television;;;;;;;;x;;;;;;;;;;;;;;
iptv;Iptv;;;;;;;;x;;;;;;;;;;;;;;
pay_per_view;Pay per view;;;;;;;;x;;;;;;;;;;;;;;
mobile_broadband;Mobile broadband;;;;;;;;x;;;;;;;;;;;;;;
umts;UMTS;;;;;;;;x;;;;;;;;;;;;;;
edge;EDGE;;;;;;;;x;;;;;;;;;;;;;;
cdma2000;CDMA2000;;;;;;;;x;;;;;;;;;;;;;;
native_ip_networks;Native IP networks;;;;;;;;x;;;;;;;;;;;;;;
4g;4G;;;;;;;;x;;;;;;;;;;;;;;
td_lte;TD-LTE;;;;;;;;x;;;;;;;;;;;;;;
internet_of_things,Internet of things;;;;;;;;x;;;;;;;;;;;;;;
5g;5G;;;;;;;;x;;;;;;;;;;;;;;
digital_control_systems;Digital control systems;;;;;;;;x;;;;;;;;;;;;;;
rfid;Radio-frequency identification;;;;;;;;x;;;;;;;;;;;;;;
biometric_passport;Biometric passport;;;;;;;;x;;;;;;;;;;;;;;
payment_ids;Payment ids;;;;;;;;x;;;;;;;;;;;;;;
human_identification;Human identification;;;;;;;;x;;;;;;;;;;;;;;
immersive_virtual_reality;Immersive virtual reality;;;;;;;;x;;;;;;;;;;;;;;
tactical_immersion;Tactical immersion;;;;;;;;x;;;;;;;;;;;;;;
strategic_immersion;Strategic immersion;;;;;;;;x;;;;;;;;;;;;;;
narrative_immersion;Narrative immersion;;;;;;;;x;;;;;;;;;;;;;;
spatial_immersion;Spatial immersion;;;;;;;;x;;;;;;;;;;;;;;
argumented_reality;Argumented reality;;;;;;;;x;;;;;;;;;;;;;;
tracking;Tracking;;;;;;;;x;;;;;;;;;;;;;;
head_mounted;Head-mounted;;;;;;;;x;;;;;;;;;;;;;;
eyeglasses;Eyeglasses;;;;;;;;x;;;;;;;;;;;;;;
hud;HUD;;;;;;;;x;;;;;;;;;;;;;;
exocortex;Exocortex;;;;;;;;x;;;;;;;;;;;;;;
cognitive_science;Cognitive science;;;;;;;;x;;;;;;;;;;;;;;
line_shaft;Line shaft;;;;;;;;x;;;;;;;;;;;;;;
flat_belt_drive;Flat belt drive;;;;;;;;x;;;;;;;;;;;;;;
kraft_process;Kraft process;;;;;;;;x;;;;;;;;;;;;;;
wood_pulp;Wood Pulp;;;;;;;;x;;;;;;;;;;;;;;
steam_turbine;steam turbine;;;;;;;;x;;;;;;;;;;;;;;
triple_expansion_engine;Triple expansion engine;;;;;;;;x;;;;;;;;;;;;;;
impulse_turbine;Impulse turbine;;;;;;;;x;;;;;;;;;;;;;;
anti_friction_bearings;Anti-friction bearings;;;;;;;;x;;;;;;;;;;;;;;
lubrication;Lubrication;;;;;;;;x;;;;;;;;;;;;;;
vacuum_distillation;Vacuum distillation;;;;;;;;x;;;;;;;;;;;;;;
hydraulic_power_network;Hydraulic power network;;;;;;;;x;;;;;;;;;;;;;
electric_copper_motor;Electric Copper motor;;;;;;;;x;;;;;;;;;;;;;
evaporators;Evaporators;;;;;;;;x;;;;;;;;;;;;;
recovery_boiler;Recovery boiler;;;;;;;;x;;;;;;;;;;;;;
gas_turbine;Gas Turbine;;;;;;;;x;;;;;;;;;;;;;;
free_piston_engine;Free-piston engine;;;;;;;;x;;;;;;;;;;;;;;
combined cycle;Combined cycle;;;;;;;;x;;;;;;;;;;;;;;
starter_motor;starter motor;;;;;;;;x;;;;;;;;;;;;;;
electric_aluminium_motor;Electric Aluminium diecast motor;;;;;;;;x;;;;;;;;;;;;;;
power_inverter;Power inverter;;;;;;;;x;;;;;;;;;;;;;;
silicon_controlled_rectifier;Silicon controlled rectifier;;;;;;;;x;;;;;;;;;;;;;;
electric_ball_bearing_motor;Electric Ball Bearing motor;;;;;;;;x;;;;;;;;;;;;;
electric_motor_insulation;Electric motor insulation;
heat_exchanger;Heat exchanger;;;;;;;;x;;;;;;;;;;;;;;
Reuse of heat;Reuse of heat;;;;;;;;x;;;;;;;;;;;;;;
HVAC air coils;HVAC air coils;;;;;;;;x;;;;;;;;;;;;;;
Helical-coil heat exchangers;Helical-coil heat exchangers;;;;;;;;x;;;;;;;;;;;;;;
Spiral heat exchangers;Spiral heat exchangers;;;;;;;;x;;;;;;;;;;;;;;
electric_motor_steel_frame;Electric motor steel frame;;;;;;;;x;;;;;;;;;;;;;
cogeneration;Cogeneration;;;;;;;;x;;;;;;;;;;;;;
electric_motor_aluminium_frame;Electric motor aluminium frame;;;;;;;;x;;;;;;;;;;;;;
electric_car;Electric car;;;;;;;;x;;;;;;;;;;;;;
smart_grid;Smart grid;;;;;;;;x;;;;;;;;;;;;;
photography;Photography;;;;;;;;x;;;;;;;;;;;;;
film_base;Film;;;;;;;;x;;;;;;;;;;;;;
modern_medicine;Modern medicine;;;;;;;;x;;;;;;;;;;;;;
antibiotics;Antibiotics;;;;;;;;x;;;;;;;;;;;;;
motion_picture;Motion Picture;;;;;;;;x;;;;;;;;;;;;;
color_photography;Color photography;;;;;;;;x;;;;;;;;;;;;;
penicillin;Penicillin;;;;;;;;x;;;;;;;;;;;;; 
technicolor;Technicolor;;;;;;;;x;;;;;;;;;;;;;
molecular_biology;Molecular biology;;;;;;;;x;;;;;;;;;;;;;
biotechnology;Biotechnology;;;;;;;;x;;;;;;;;;;;;;
clinical_pharmacology;Clinical pharmacology;;;;;;;;x;;;;;;;;;;;;;
evidence_based_medicine;Evidence based medicine;;;;;;;;x;;;;;;;;;;;;;
digital_photography;Digital photography;;;;;;;;x;;;;;;;;;;;;;
medical_instruments;Medical Instruments;;;;;;;;x;;;;;;;;;;;;;
genetic_engineering;Genetic engineering;;;;;;;;x;;;;;;;;;;;;;
genomics;Genomics;;;;;;;;x;;;;;;;;;;;;;;
Human Proteome Project;Human Proteome Project;;;;;;;;x;;;;;;;;;;;;;;
pcr;PCR;;;;;;;;x;;;;;;;;;;;;;;
prosthesis;Prosthesis;;;;;;;;x;;;;;;;;;;;;;
pharmacogenomics;Pharmacogenomics;;;;;;;;x;;;;;;;;;;;;;
gene_therapy;Gene therapy;;;;;;;;x;;;;;;;;;;;;;
nanomedicine;Nanomedicine;;;;;;;;x;;;;;;;;;;;;;
stem_cell_therapy;Stem-cell therapy;;;;;;;;x;;;;;;;;;;;;;
electric_generator;Electric generator;;;;;;;;x;;;;;;;;;;;;;;
gramme_machine;Gramme machine;;;;;;;;x;;;;;;;;;;;;;;
dc_electric_motor;DC electric motor;;;;;;;;x;;;;;;;;;;;;;;
electric_light;Electric light;;;;;;;;x;;;;;;;;;;;;;;
arc_lighting;Arc lighting;;;;;;;;x;;;;;;;;;;;;;;
incandescent_light_bulbs;Incandescent light bulbs ;;;;;;;;x;;;;;;;;;;;;;;
electrical_machines;Electrical Machines;;;;;;;;x;;;;;;;;;;;;;;
miscellaneous_non_electrical_machines;Miscellaneous Non-Electrical Machines;;;;;;;;x;;;;;;;;;;;;;;
construction_machinery;Construction Machinery;;;;;;;;x;;;;;;;;;;;;;;
sewing_machine;Sewing machine;;;;;;;;x;;;;;;;;;;;;;;
miscellaneous_electrical_machinery;Miscellaneous Electrical Machinery
electric_power_stations;Electric Power stations;;;;;;;;x;;;;;;;;;;;;;;
central_power_station;Central power station;;;;;;;;x;;;;;;;;;;;;;;
ac_power_stations;AC power stations;;;;;;;;x;;;;;;;;;;;;;;
piston_engines;Piston Engines;;;;;;;;x;;;;;;;;;;;;;;
motor_vehicles_piston_engines;Motor Vehicles Piston Engines;;;;;;;;x;;;;;;;;;;;;;;
valves;Valves;;;;;;;;x;;;;;;;;;;;;;;
machine_industry;Machine industry;;;;;;;;x;;;;;;;;;;;;;;
machinery_for_specialized_industries;Machinery for Specialized Industries;;;;;;;;x;;;;;;;;;;;;;;
cars;Cars;;;;;;;;x;;;;;;;;;;;;;;
trucks;Trucks and Vans;;;;;;;;x;;;;;;;;;;;;;;
diesel_engine;Diesel engine;;;;;;;;x;;;;;;;;;;;;;;
semi_trailer_truck;Semi-trailer truck;;;;;;;;x;;;;;;;;;;;;;;
electric_grid;Electric Grid;;;;;;;;x;;;;;;;;;;;;;;
national_grid;National Grid;;;;;;;;x;;;;;;;;;;;;;;
circuit_breakers;Circuit Breakers and Panels;;;;;;;;x;;;;;;;;;;;;;
engine_power;Engine power;;;;;;;;x;;;;;;;;;;;;;
color_tvs;Color TVs;;;;;;;;x;;;;;;;;;;;;;
consolidation;Consolidation;;;;;;;;x;;;;;;;;;;;;;
platform_sharing;platform sharing;;;;;;;;x;;;;;;;;;;;;;
computer_aided_design;computer-aided design;;;;;;;;x;;;;;;;;;;;;;
led;light-emitting diode;;;;;;;;x;;;;;;;;;;;;;
displays_3d;3D displays;;;;;;;;x;;;;;;;;;;;;;
GPGPU;GPGPU;;;;;;;;x;;;;;;;;;;;;;
memristor;Memristor;;;;;;;;x;;;;;;;;;;;;;
toys_mass_market;Toys Mass market;;;;;;;;x;;;;;;;;;;;;;
analog_computer;Analog Computer;;;;;;;;x;;;;;;;;;;;;;;
calculators;Calculators;;;;;;;;x;;;;;;;;;;;;;
electromechanical_computers;Electromechanical computers;;;;;;;;x;;;;;;;;;;;;;
electronic_circuit;Electronic circuit;;;;;;;;x;;;;;;;;;;;;;;
electronic_microcircuits;Electronic Microcircuits;;;;;;;;x;;;;;;;;;;;;;;
colossus_computer;Colossus computer;;;;;;;;x;;;;;;;;;;;;;
stored_program_computer;Stored-program computer;;;;;;;;x;;;;;;;;;;;;;
microprogramming;Microprogramming;;;;;;;;x;;;;;;;;;;;;;;
cpus;CPUs;;;;;;;;x;;;;;;;;;;;;;;
telecom_parts_and_accessories;Telecom Parts and Accessories;;;;;;;;x;;;;;;;;;;;;;;
magnetic_storage;Magnetic storage;;;;;;;;x;;;;;;;;;;;;;;
sound_recording_media;Sound recording media;;;;;;;;x;;;;;;;;;;;;;;
video_and_sound_recorders;Video and Sound Recorders;;;;;;;;x;;;;;;;;;;;;;;
transistor_computer;Transistor computer;;;;;;;;x;;;;;;;;;;;;;
computer_peripherals;Computer Peripherals;;;;;;;;x;;;;;;;;;;;;;
integrated_circuit;Integrated circuit;;;;;;;;x;;;;;;;;;;;;;
personal_computer;Personal computer;;;;;;;;x;;;;;;;;;;;;;
home_computers;Home computers;;;;;;;;x;;;;;;;;;;;;;
tablet_computer;Tablet computer;;;;;;;;x;;;;;;;;;;;;;
smart_phones;Smart Phones;;;;;;;;x;;;;;;;;;;;;;
cloud_computing;;;;;;;;x;;;;;;;;;;;;;
machine_learning;Machine Learning;;;;;;;;x;;;;;;;;;;;;;
artificial_intelligence;artificial_intelligence;;;;;;;;x;;;;;;;;;;;;;
bessemer_process;Bessemer process;;;;;;;;x;;;;;;;;;;;;;
break_bulk_cargo;Break bulk cargo;;;;;;;;x;;;;;;;;;;;;;
electric_wire;Electric Wire;;;;;;;;x;;;;;;;;;;;;;
processed_aluminium;Processed Aluminium;;;;;;;;x;;;;;;;;;;;;;
open_hearth_furnace;Open hearth furnace;;;;;;;;x;;;;;;;;;;;;;;
siemens_martin_process;Siemens-Martin process;;;;;;;;x;;;;;;;;;;;;;;
continuous_track;Continuous track;;;;;;;;x;;;;;;;;;;;;;
cranes;Cranes;;;;;;;;x;;;;;;;;;;;;;
reinforced_concrete;Reinforced concrete;;;;;;;;x;;;;;;;;;;;;;;
continuous_wide_strip_rolling;Continuous wide strip rolling mill;;;;;;;;x;;;;;;;;;;;;;
prestressed_concrete;Prestressed concrete;;;;;;;;x;;;;;;;;;;;;;
palletization;Palletization;;;;;;;;x;;;;;;;;;;;;;
basic_oxygen_steelmaking;basic oxygen steelmaking;;;;;;;;x;;;;;;;;;;;;;;
continuous_casting;Continuous casting;;;;;;;;x;;;;;;;;;;;;;
bulk_materials_handling;Bulk materials handling;;;;;;;;x;;;;;;;;;;;;;
modern_cranes;Modern Cranes;;;;;;;;x;;;;;;;;;;;;;
containerization;Containerization;;;;;;;;x;;;;;;;;;;;;;
piggyback_rail;Piggyback rail;;;;;;;;x;;;;;;;;;;;;;
intermodal_freight_transport;Intermodal freight transport;;;;;;;;x;;;;;;;;;;;;;
printing_3d;3D printing;;;;;;;;x;;;;;;;;;;;;;;
Bio-printing;bio_printing;;;;;;;;x;;;;;;;;;;;;;;
industrial_printing;Industrial 3D printing;;;;;;;;x;;;;;;;;;;;;;
pvc;PVC;;;;;;;;x;;;;;;;;;;;;;
petrochemical_industry;;;;;;;;x;;;;;;;;;;;;;;
polyethylene;Polyethylene;;;;;;;;x;;;;;;;;;;;;;;
rubber_materials;Rubber materials;;;;;;;;x;;;;;;;;;;;;;;
synthetic_detergents;Synthetic detergents;;;;;;;;x;;;;;;;;;;;;;
vulcanization;Vulcanization;;;;;;;;x;;;;;;;;;;;;;;
thiocarbanilide;Thiocarbanilide;;;;;;;;x;;;;;;;;;;;;;;
cellophane;Cellophane;;;;;;;;x;;;;;;;;;;;;;;
cellulose_film;Cellulose film;;;;;;;;x;;;;;;;;;;;;;;
polystyrene;Polystyrene;;;;;;;;x;;;;;;;;;;;;;
nylon;Nylon;;;;;;;;x;;;;;;;;;;;;;
synthetic_rubber;Synthetic rubber;;;;;;;;x;;;;;;;;;;;;;;
neoprene;Neoprene;;;;;;;;x;;;;;;;;;;;;;
buna rubbers;Buna rubbers;;;;;;;;x;;;;;;;;;;;;;
isoprene;Isoprene;;;;;;;;x;;;;;;;;;;;;;
perfumery_and_cosmetics;Perfumery and Cosmetics;;;;;;;;x;;;;;;;;;;;;;
styropor;Styropor;;;;;;;;x;;;;;;;;;;;;;
high_density_polyethylene;High-density polyethylene;;;;;;;;x;;;;;;;;;;;;;
polyurethanes;Polyurethanes;;;;;;;;x;;;;;;;;;;;;;
kevlar;Kevlar;;;;;;;;x;;;;;;;;;;;;;
foams;Foams;;;;;;;;x;;;;;;;;;;;;;
polyamide;Polyamide;;;;;;;;x;;;;;;;;;;;;;
polyester_film_stock;Polyester film stock;;;;;;;;x;;;;;;;;;;;;;
engineering_plastics;Engineering Plastics;;;;;;;;x;;;;;;;;;;;;;
silicon_carbide;Silicon carbide;;;;;;;;x;;;;;;;;;;;;;
biodegradable_plastics;Biodegradable plastics;;;;;;;;x;;;;;;;;;;;;;
carbon_fiber;Carbon fiber;;;;;;;;x;;;;;;;;;;;;;
neo_plastics;neo_plastics;;;;;;;;x;;;;;;;;;;;;;
grain_cradle;Grain cradle;;;;;;;;x;;;;;;;;;;;;;
combine_harvester;Combine harvester;;;;;;;;x;;;;;;;;;;;;;
fertilizers;fertilizers;;;;;;;;x;;;;;;;;;;;;;;
nitrogen_fertilize;Nitrogen fertilize;;;;;;;;x;;;;;;;;;;;;;
farm_machinery;Farm machinery;;;;;;;;x;;;;;;;;;;;;;;
early_plant_breeding;Early Plant breeding;;;;;;;;x;;;;;;;;;;;;;
intensive_farming;Intensive Farming;;;;;;;;x;;;;;;;;;;;;;
herbicides;Herbicides;;;;;;;;x;;;;;;;;;;;;;
insecticide;Insecticides;;;;;;;;x;;;;;;;;;;;;;;
pesticide;Pesticides;;;;;;;;x;;;;;;;;;;;;;
green_revolution;Green Revolution;;;;;;;;x;;;;;;;;;;;;;
fungicide;Fungicide;;;;;;;;x;;;;;;;;;;;;;
plant_breeding;Plant breeding;;;;;;;;x;;;;;;;;;;;;;
advanced_herbicides;Advanced Herbicides;;;;;;;;x;;;;;;;;;;;;;
high_yielding_grain;High-yielding grain;;;;;;;;x;;;;;;;;;;;;;
industrial_fermentation;Industrial fermentation;;;;;;;;x;;;;;;;;;;;;;
modern_plant_breeding;Modern plant breeding;;;;;;;;x;;;;;;;;;;;;;
genetically_modified_organism;genetically modified organism;;;;;;;;x;;;;;;;;;;;;;
precision_agriculture;Precision agriculture;;;;;;;;x;;;;;;;;;;;;;
agricultural_robot;Agricultural robot;;;;;;;;x;;;;;;;;;;;;;;
surface_mining;surface mining;;;;;;;;x;;;;;;;;;;;;;;
open_pit_mining;Open-pit mining;;;;;;;;x;;;;;;;;;;;;;
vanning;Vanning;;;;;;;;x;;;;;;;;;;;;;
crusher;Crusher;;;;;;;;x;;;;;;;;;;;;;;
mining_hard_rock;Mining hard rock;;;;;;;;x;;;;;;;;;;;;;;
declines;Declines;;;;;;;;x;;;;;;;;;;;;;;
shafts;Shafts;;;;;;;;x;;;;;;;;;;;;;;
adits;Adits;;;;;;;;x;;;;;;;;;;;;;;
gold_dredging;Gold Dredging;;;;;;;;x;;;;;;;;;;;;;
froth_flotation;Froth flotation;;;;;;;;x;;;;;;;;;;;;;
modern_blast_furnaces;Modern Blast Furnaces;;;;;;;;x;;;;;;;;;;;;;;
mining_soft_rock;Mining soft rock;;;;;;;;x;;;;;;;;;;;;;;
longwall_mining;Longwall mining;;;;;;;;x;;;;;;;;;;;;;;
room_and_pillar_mining;Room-and-pillar mining;;;;;;;;x;;;;;;;;;;;;;;
drilling_and_blasting;Drilling and blasting;;;;;;;;x;;;;;;;;;;;;;;
heavy_mining;Heavy Mining;;;;;;;;x;;;;;;;;;;;;;;
bucket_wheel_excavator;Bucket-wheel excavator;;;;;;;;x;;;;;;;;;;;;;;
large_scale_surface_mining;Large scale surface mining;;;;;;;;x;;;;;;;;;;;;;
electrostatic_separation;Electrostatic separation;;;;;;;;x;;;;;;;;;;;;;
haul_truck;Haul trucks;;;;;;;;x;;;;;;;;;;;;;;
deep_mining;DeepMining;;;;;;;;x;;;;;;;;;;;;;
sensor_based_sorting;Sensor-based sorting;;;;;;;;x;;;;;;;;;;;;;;
mining_drones;Mining Drones;;;;;;;;x;;;;;;;;;;;;;
landfill_mining;Landfill mining;;;;;;;;x;;;;;;;;;;;;;
automated_mining;Automated mining;;;;;;;;x;;;;;;;;;;;;;
recycling;Recycling;;;;;;;;x;;;;;;;;;;;;;
robotized_mining;Robotized mining;;;;;;;;x;;;;;;;;;;;;;;
mechanical_cotton_grin;Mechanical Cotton Grin;;;;;;;;x;;;;;;;;;;;;;;
droving;Droving;;;;;;;;x;;;;;;;;;;;;;;
yarn;yarn;;;;;;;;x;;;;;;;;;;;;;
sheep_shearing;Sheep shearing;;;;;;;;x;;;;;;;;;;;;;;
modern_shearing;Modern shearing;;;;;;;;x;;;;;;;;;;;;;;
dairy_products;Dairy products;;;;;;;;x;;;;;;;;;;;;;;
milk_ditribution;Milk ditribution;;;;;;;;x;;;;;;;;;;;;;;
pasteurization;Pasteurization;;;;;;;;x;;;;;;;;;;;;;;
cheese;Cheese;;;;;;;;x;;;;;;;;;;;;;;
mass_produced_cheese;Mass produced cheese;;;;;;;;x;;;;;;;;;;;;;;
refrigeration;Refrigeration;;;;;;;;x;;;;;;;;;;;;;
intensive_animal_farming;Intensive animal farming;;;;;;;;x;;;;;;;;;;;;;
intensive_pig_farming;Intensive pig farming;;;;;;;;x;;;;;;;;;;;;;;
modern_trawling;Modern Trawling;;;;;;;;x;;;;;;;;;;;;;;
modern_chees_factory;chees factory;;;;;;;;x;;;;;;;;;;;;;
cotton_picker;Cotton Picker;;;;;;;;x;;;;;;;;;;;;;
livestock_transportation;Livestock transportation;;;;;;;;x;;;;;;;;;;;;;;
commodity_trucking;Commodity trucking;;;;;;;;x;;;;;;;;;;;;;;
animal_antibiotics;Animal Antibiotics;;;;;;;;x;;;;;;;;;;;;;
animal_vaccines;Animal Vaccines;;;;;;;;x;;;;;;;;;;;;;
poultry_farming;Poultry farming farming;;;;;;;;x;;;;;;;;;;;;;
rotary_milking;Rotary milking;;;;;;;;x;;;;;;;;;;;;;
aquaculture;Aquaculture;;;;;;;;x;;;;;;;;;;;;;
gmo_meat;GMO meat;;;;;;;;x;;;;;;;;;;;;;;
cultured_meat;Cultured meat;;;;;;;;x;;;;;;;;;;;;;;
coal_mining;Coal Mining;;;;;;;;x;;;;;;;;;;;;;;
fossil_fuel_power;Coal Power;;;;;;;;x;;;;;;;;;;;;;;
oil_well;Oil Well;;;;;;;;x;;;;;;;;;;;;;;
oil_tanker;Oil tanker;;;;;;;;x;;;;;;;;;;;;;;
mobile_steel_barges;Mobile steel barges;;;;;;;;x;;;;;;;;;;;;;;
hydroelectricity;Hydroelectricity;;;;;;;;x;;;;;;;;;;;;;;
water turbine;Water turbine;;;;;;;;x;;;;;;;;;;;;;;
oil_refinery;Oil refinery;;;;;;;;x;;;;;;;;;;;;;;
pipeline;Pipeline;;;;;;;;x;;;;;;;;;;;;;;
nuclear_power;Nuclear Power;;;;;;;;x;;;;;;;;;;;;;;
pressurized_water_reactors;Pressurized water reactors;;;;;;;;x;;;;;;;;;;;;;;
liquid_metal_fast_breeder_reactor;Liquid-metal fast-breeder reactor;;;;;;;;x;;;;;;;;;;;;;;
molten_salt_reactors;Molten salt reactors;;;;;;;;x;;;;;;;;;;;;;;
offshore_drilling;Offshore Drilling;;;;;;;;x;;;;;;;;;;;;;;
drillship;Drillship;;;;;;;;x;;;;;;;;;;;;;;
oil_platform;Oil platform;;;;;;;;x;;;;;;;;;;;;;;
oil_cartel;Oil cartel;;;;;;;;x;;;;;;;;;;;;;;
opec;Opec;;;;;;;;x;;;;;;;;;;;;;;
liquefied_natural_gas;liquefied_natural_gas;;;;;;;;x;;;;;;;;;;;;;;
lng_carrier;LNG carrier;;;;;;;;x;;;;;;;;;;;;;;
lng_train;LNG train;;;;;;;;x;;;;;;;;;;;;;;
oil_tanker;Oil tanker;;;;;;;;x;;;;;;;;;;;;;;
supertanker;Supertanker;;;;;;;;x;;;;;;;;;;;;;;
advanced_turbine;Advanced Turbines;;;;;;;;x;;;;;;;;;;;;;;
refractory_elements;Refractory elements;;;;;;;;x;;;;;;;;;;;;;;
superalloys;Superalloys;;;;;;;;x;;;;;;;;;;;;;;
renewable_energy;Renewable Energy;;;;;;;;x;;;;;;;;;;;;;;
solar_power;Solar power;;;;;;;;x;;;;;;;;;;;;;;
wind_power;Wind Power;;;;;;;;x;;;;;;;;;;;;;;
hydraulic_fracturing;hydraulic_fracturing;;;;;;;;x;;;;;;;;;;;;;;
shales;Shales;;;;;;;;x;;;;;;;;;;;;;;
deepwater_drilling;Deepwater drilling;;;;;;;;x;;;;;;;;;;;;;;
oil_sands;Oil sands;;;;;;;;x;;;;;;;;;;;;;;
oil_sands_tailings_ponds;Oil sands tailings ponds;;;;;;;;;x;;;;;;;;;;;;;;
cold_heavy_oil_production_with_sand;Cold Heavy Oil Production with Sand;;;;;;;;x;;;;;;;;;;;;;;
cyclic_steam_stimulation;Cyclic Steam Stimulation;;;;;;;;x;;;;;;;;;;;;;;
nuclear_gen_iv;Nuclear Generation IV;;;;;;;;x;;;;;;;;;;;;;;
very_high_temperature_reactor;Very-high-temperature reactor;;;;;;;;x;;;;;;;;;;;;;
molten_salt_reactor;Molten-salt reactor;;;;;;;;x;;;;;;;;;;;;;
supercritical_water_cooled_reactor;Supercritical-water-cooled reactor;;;;;;;;x;;;;;;;;;;;;;
gas_cooled_fast_reactor;Gas-cooled fast reactor;;;;;;;;x;;;;;;;;;;;;;
advanced_batteries;Advanced Batteries;;;;;;;;x;;;;;;;;;;;;;
electric_double_layer_capacitor;Electric double-layer capacitor;;;;;;;;x;;;;;;;;;;;;;:
advanced_photovoltaics;Advanced Photovoltaics;;;;;;;;x;;;;;;;;;;;;;;
advanced_fracking;Advanced Fracking;;;;;;;;x;;;;;;;;;;;;;;
mushet_steel;Mushet steel;;;;;;;;x;;;;;;;;;;;;;
soda_ash;Soda Ash;;;;;;;;x;;;;;;;;;;;;;;
leblanc_process;Leblanc Process;;;;;;;;x;;;;;;;;;;;;;;
solvay_process;Solvay process;;;;;;;;x;;;;;;;;;;;;;;
synthetic_dye;synthetic dye;;;;;;;;x;;;;;;;;;;;;;;
indigo_dye;Indigo dye;;;;;;;;x;;;;;;;;;;;;;;
high_speed_steel;High speed steel;;;;;;;;x;;;;;;;;;;;;;
tungsten_carbide;Tungsten carbide;;;;;;;;x;;;;;;;;;;;;;
composite_material;Composite material;;;;;;;;x;;;;;;;;;;;;;
explosives;Explosives;;;;;;;;x;;;;;;;;;;;;;;
c_4;C-4;;;;;;;;x;;;;;;;;;;;;;;
petn;PETN;;;;;;;;x;;;;;;;;;;;;;;
float_glass;Float glass;;;;;;;;x;;;;;;;;;;;;;
liquid_crystal_display;Liquid-crystal display;;;;;;;;x;;;;;;;;;;;;;
synthetic_diamond;Synthetic diamond;;;;;;;;x;;;;;;;;;;;;;;
dematerialization;Dematerialization;;;;;;;;x;;;;;;;;;;;;;
stainless_steel;Stainless steel:1980
fold_forming;Fold-forming;;;;;;;;x;;;;;;;;;;;;;
metal_foam;Metal foam;;;;;;;;x;;;;;;;;;;;;;;
cemented_carbide;Cemented carbide;;;;;;;;x;;;;;;;;;;;;;
nanomaterials;Nanomaterials;;;;;;;;x;;;;;;;;;;;;;
lab_on_a_chip;Lab-on-a-chip;;;;;;;;x;;;;;;;;;;;;;
high_temp_superconductivity;High-temperature superconductivity;;;;;;;;x;;;;;;;;;;;;;;
YBaCuO;YBaCuO;;;;;;;;x;;;;;;;;;;;;;
Cuprates;Cuprates;;;;;;;;x;;;;;;;;;;;;;
Superplasticity;Superplasticity;;;;;;;;x;;;;;;;;;;;;;
quantum_dot;Quantum dot;;;;;;;;x;;;;;;;;;;;;;